<?xml version="1.0" encoding="UTF-8"?>
<BlogApplication>
    <BlogUsers>
        <BlogUser date="2016-04-02">
            <UserName>username1</UserName>
            <FirstName>First1</FirstName>
            <LastName>Last1</LastName>
        </BlogUser>
        <BlogUser>
            <UserName>username2</UserName>
            <FirstName>First2</FirstName>
            <LastName>Last2</LastName>
        </BlogUser>
        <BlogUser>
            <UserName>username3</UserName>
            <FirstName>First3</FirstName>
            <LastName>Last3</LastName>
        </BlogUser>
        <BlogUser>
            <UserName>username4</UserName>
            <FirstName>First4</FirstName>
            <LastName>Last4</LastName>
        </BlogUser>
        <BlogUser>
            <UserName>username5</UserName>
            <FirstName>First5</FirstName>
            <LastName>Last5</LastName>
        </BlogUser>
    </BlogUsers>
    <BlogPosts>
        <BlogPost>
            <PostId>1</PostId>
            <UserName>username1</UserName>
            <Title>title1</Title>
            <Content>content1</Content>
            <Comments>
                <Comment>
                    <CommentId>1</CommentId>
                    <UserName>username4</UserName>
                    <Content>comment1</Content>
                </Comment>
                <Comment>
                    <CommentId>2</CommentId>
                    <UserName>username4</UserName>
                    <Content>comment2</Content>
                </Comment>
            </Comments>
        </BlogPost>
        <BlogPost>
            <PostId>2</PostId>
            <UserName>username2</UserName>
            <Title>title2</Title>
            <Content>content2</Content>
            <Comments>
                <Comment>
                    <CommentId>3</CommentId>
                    <UserName>username4</UserName>
                    <Content>comment3</Content>
                </Comment>
                <Comment>
                    <CommentId>4</CommentId>
                    <UserName>username4</UserName>
                    <Content>comment4</Content>
                </Comment>
            </Comments>
        </BlogPost>
        <BlogPost>
            <PostId>3</PostId>
            <UserName>username3</UserName>
            <Title>title3</Title>
            <Content>content3</Content>
            <Comments>
                <Comment>
                    <CommentId>5</CommentId>
                    <UserName>username5</UserName>
                    <Content>comment5</Content>
                </Comment>
                <Comment>
                    <CommentId>6</CommentId>
                    <UserName>username5</UserName>
                    <Content>comment6</Content>
                </Comment>
            </Comments>
        </BlogPost>
        <BlogPost>
            <PostId>4</PostId>
            <UserName>username3</UserName>
            <Title>title4</Title>
            <Content>content4</Content>
        </BlogPost>
        <BlogPost>
            <PostId>5</PostId>
            <UserName>username3</UserName>
            <Title>title5</Title>
            <Content>content5</Content>
        </BlogPost>
    </BlogPosts>
</BlogApplication>
